poster,carve,comment
1,1, Really cool place to carve
1,2,It is amazing
1,3,It is going to be fun
1,4,Love this place
1,5,Thrilling experience 
1,6,Nothing can stop me.
2,7,carve comment something witty goes here
3,8,I don’t like bungee jumping but I do like skiing
4,1,Cool!!!
5,2,It is going to be an amazing experience
1,3,Nothing can stop me.
2,4,carve comment something witty goes here
3,5,I don’t like bungee jumping but I do like skiing
4,6,Cool!!!
5,7,It is going to be an amazing experience
1,8, Really cool place to carve
2,9,It is amazing
3,1,It is going to be fun
4,2,Love this place
5,3,Thrilling experience 
8,5,Nothing can stop me.
8,8,carve comment something witty goes here
9,14,I don’t like bungee jumping but I do like skiing
9,18,Cool!!!
10,22,It is going to be an amazing experience
10,26, Really cool place to carve
11,111,It is amazing
11,240,It is going to be fun
12,200,Love this place
12,100,Thrilling experience 
13,50, Really cool place to carve
13,21,It is amazing
14,58,It is going to be fun
14,68,Love this place
14,99,Thrilling experience 
15,77,Nothing can stop me.
15,161,carve comment something witty goes here
16,200,I don’t like bungee jumping but I do like skiing
16,202,Cool!!!
16,205,It is going to be an amazing experience
17,209, Really cool place to carve
17,211,It is amazing
17,220,It is going to be fun
18,221,Love this place
18,225,Thrilling experience 
19,229,Cool!!!
19,232,Cool!!!
20,131,Cool!!!
20,138,Cool!!!
21,156,Cool!!!
21,145,Cool!!!
21,148,Love this place
22,191,Thrilling experience 
22,198,It is amazing
22,201,It is going to be fun
23,203,Love this place
23,205,It is amazing
23,221,It is going to be fun
24,200,Love this place
24,131,Love this place
25,138,Thrilling experience 
25,198,I don’t like bungee jumping but I do like skiing
25,228,Cool!!!
26,112,Cool!!!
26,209,Cool!!!
26,211,Cool!!!
27,115,Cool!!!
27,239,It is amazing
27,121,It is going to be fun
28,100,Love this place
28,138,Cool!!!
28,165,Cool!!!
28,145,Cool!!!
28,162,Cool!!!
29,191,Love this place
29,45,Thrilling experience 
29,98,Nothing can stop me.
30,77,Cool!!!
30,66,Love this place
30,22,Thrilling experience 
31,11,Nothing can stop me.
31,66, Really cool place to carve
31,98, Really cool place to carve
32,11, Really cool place to carve
32,45, Really cool place to carve
32,165, Really cool place to carve
32,239,Cool!!!
33,1, Really cool place to carve
33,2,It is amazing
33,3,It is going to be fun
34,4,Love this place
34,5,Thrilling experience 
34,6,Nothing can stop me.
35,7,carve comment something witty goes here
35,8,I don’t like bungee jumping but I do like skiing
35,9,Cool!!!
36,10,It is going to be an amazing experience
36,11,Nothing can stop me.
36,12,carve comment something witty goes here
1,13,I don’t like bungee jumping but I do like skiing
1,14,Cool!!!
1,15,It is going to be an amazing experience
1,16, Really cool place to carve
1,17,It is amazing
1,18,It is going to be fun
2,19,Love this place
3,20,Thrilling experience 
4,21,Nothing can stop me.
5,22,carve comment something witty goes here
1,23,I don’t like bungee jumping but I do like skiing
2,24,Cool!!!
3,25,It is going to be an amazing experience
4,26, Really cool place to carve
5,27,It is amazing
1,28,It is going to be fun
2,29,Love this place
3,30,Thrilling experience 
4,31, Really cool place to carve
5,32,It is amazing
8,33,It is going to be fun
8,34,Love this place
9,35,Thrilling experience 
9,36,Nothing can stop me.
10,37,carve comment something witty goes here
10,38,I don’t like bungee jumping but I do like skiing
11,39,Cool!!!
11,40,It is going to be an amazing experience
12,41, Really cool place to carve
12,42,It is amazing
13,43,It is going to be fun
13,44,Love this place
14,45,Thrilling experience 
14,46,Cool!!!
14,47,Cool!!!
15,48,Cool!!!
15,49,Cool!!!
16,50,Cool!!!
16,51,Cool!!!
16,52,Love this place
17,53,Thrilling experience 
17,54,It is amazing
17,55,It is going to be fun
18,56,Love this place
18,57,It is amazing
19,58,It is going to be fun
19,59,Love this place
20,60,Love this place
20,61,Thrilling experience 
21,62,I don’t like bungee jumping but I do like skiing
21,63,Cool!!!
21,64,Cool!!!
22,65,Cool!!!
22,66,Cool!!!
22,67,Cool!!!
23,68,It is amazing
23,69,It is going to be fun
23,70,Love this place
24,71,Cool!!!
24,72,Cool!!!
25,73,Cool!!!
25,74,Cool!!!
25,75,Love this place
26,76,Thrilling experience 
26,77,Nothing can stop me.
26,78,Cool!!!
27,79,Love this place
27,80,Thrilling experience 
27,81,Nothing can stop me.
28,82, Really cool place to carve
28,83, Really cool place to carve
28,84, Really cool place to carve
28,85, Really cool place to carve
28,86, Really cool place to carve
29,87,Cool!!!
29,88, Really cool place to carve
29,89,It is amazing
30,90,It is going to be fun
30,91,Love this place
30,92,Thrilling experience 
31,93,Nothing can stop me.
31,94,carve comment something witty goes here
31,95,I don’t like bungee jumping but I do like skiing
32,96,Cool!!!
32,97,It is going to be an amazing experience
32,98,Nothing can stop me.
32,99,carve comment something witty goes here
33,100,I don’t like bungee jumping but I do like skiing
33,101,Cool!!!
33,102,It is going to be an amazing experience
34,103, Really cool place to carve
34,104,It is amazing
34,105,It is going to be fun
35,106,Love this place
35,107,Thrilling experience 
35,108,Nothing can stop me.
36,109,carve comment something witty goes here
36,110,I don’t like bungee jumping but I do like skiing
36,111,Cool!!!
1,112,It is going to be an amazing experience
1,113, Really cool place to carve
1,114,It is amazing
1,115,It is going to be fun
1,116,Love this place
1,117,Thrilling experience 
2,118, Really cool place to carve
3,119,It is amazing
4,120,It is going to be fun
5,121,Love this place
1,122,Thrilling experience 
2,123,Nothing can stop me.
3,124,carve comment something witty goes here
4,125,I don’t like bungee jumping but I do like skiing
5,126,Cool!!!
1,127,It is going to be an amazing experience
2,128, Really cool place to carve
3,129,It is amazing
4,130,It is going to be fun
5,131,Love this place
8,132,Thrilling experience 
8,133,Cool!!!
9,134,Cool!!!
9,135,Cool!!!
10,136,Cool!!!
10,137,Cool!!!
11,138,Cool!!!
11,139,Love this place
12,140,Thrilling experience 
12,141,It is amazing
13,142,It is going to be fun
13,143,Love this place
14,144,It is amazing
14,145,It is going to be fun
14,146,Love this place
15,147,Love this place
15,148,Thrilling experience 
16,149,I don’t like bungee jumping but I do like skiing
16,150,Cool!!!
16,151,Cool!!!
17,152,Cool!!!
17,153,Cool!!!
17,154,Cool!!!
18,155,It is amazing
18,156,It is going to be fun
19,157,Love this place
19,158,Cool!!!
20,159,Cool!!!
20,160,Cool!!!
21,161,Cool!!!
21,162,Love this place
21,163,Thrilling experience 
22,164,Nothing can stop me.
22,165,Cool!!!
22,166,Love this place
23,167,Thrilling experience 
23,168,Nothing can stop me.
23,169, Really cool place to carve
24,170, Really cool place to carve
24,171, Really cool place to carve
25,172, Really cool place to carve
25,173, Really cool place to carve
25,174,Cool!!!
26,175, Really cool place to carve
26,176,It is amazing
26,177,It is going to be fun
27,178,Love this place
27,179,Thrilling experience 
27,180,Nothing can stop me.
28,181,carve comment something witty goes here
28,182,I don’t like bungee jumping but I do like skiing
28,183,Cool!!!
28,184,It is going to be an amazing experience
28,185,Nothing can stop me.
29,186,carve comment something witty goes here
29,187,I don’t like bungee jumping but I do like skiing
29,188,Cool!!!
30,189,It is going to be an amazing experience
30,190, Really cool place to carve
30,191,It is amazing
31,192,It is going to be fun
31,193,Love this place
31,194,Thrilling experience 
32,195,Nothing can stop me.
32,196,carve comment something witty goes here
32,197,I don’t like bungee jumping but I do like skiing
32,198,Cool!!!
33,199,It is going to be an amazing experience
33,200, Really cool place to carve
33,201,It is amazing
34,202,It is going to be fun
34,203,Love this place
34,204,Thrilling experience 
35,205, Really cool place to carve
35,206,It is amazing
35,207,It is going to be fun
36,208,Love this place
36,209,Thrilling experience 
36,210,Nothing can stop me.
1,211,carve comment something witty goes here
1,212,I don’t like bungee jumping but I do like skiing
1,213,Cool!!!
1,214,It is going to be an amazing experience
1,215, Really cool place to carve
1,216,It is amazing
2,217,It is going to be fun
3,218,Love this place
4,219,Thrilling experience 
5,220,Cool!!!
1,221,Cool!!!
2,222,Cool!!!
3,223,Cool!!!
4,224,Cool!!!
5,225,Cool!!!
1,226,Love this place
2,227,Thrilling experience 
3,228,It is amazing
4,229,It is going to be fun
5,230,Love this place
8,231,It is amazing
8,232,It is going to be fun
9,233,Love this place
9,234,Love this place
10,235,Thrilling experience 
10,236,I don’t like bungee jumping but I do like skiing
11,237,Cool!!!
11,238,Cool!!!
12,239,Cool!!!
12,240,Cool!!!
13,1,Cool!!!
13,2,It is amazing
14,3,It is going to be fun
14,4,Love this place
14,5,Cool!!!
15,6,Cool!!!
15,7,Cool!!!
16,8,Cool!!!
16,9,Love this place
16,10,Thrilling experience 
17,11,Nothing can stop me.
17,12,Cool!!!
17,13,Love this place
18,14,Thrilling experience 
18,15,Nothing can stop me.
19,16, Really cool place to carve
19,17, Really cool place to carve
20,18, Really cool place to carve
20,19, Really cool place to carve
21,20, Really cool place to carve
21,21,Cool!!!
21,22,It is going to be an amazing experience
22,23,Nothing can stop me.
22,24,carve comment something witty goes here
22,25,I don’t like bungee jumping but I do like skiing
23,26,Cool!!!
23,27,It is going to be an amazing experience
23,28, Really cool place to carve
24,29,It is amazing
24,30,It is going to be fun
25,31,Love this place
25,32,Thrilling experience 
25,33,Nothing can stop me.
26,34,carve comment something witty goes here
26,35,I don’t like bungee jumping but I do like skiing
26,36,Cool!!!
27,37,It is going to be an amazing experience
27,38, Really cool place to carve
27,39,It is amazing
28,40,It is going to be fun
28,41,Love this place
28,42,Thrilling experience 
28,43, Really cool place to carve
28,44,It is amazing
29,45,It is going to be fun
29,46,Love this place
29,47,Thrilling experience 
30,48,Nothing can stop me.
30,49,carve comment something witty goes here
30,50,I don’t like bungee jumping but I do like skiing
31,51,Cool!!!
31,52,It is going to be an amazing experience
31,53, Really cool place to carve
32,54,It is amazing
32,55,It is going to be fun
32,56,Love this place
32,57,Thrilling experience 
33,58,Cool!!!
33,59,Cool!!!
33,60,Cool!!!
34,61,Cool!!!
34,62,Cool!!!
34,63,Cool!!!
35,64,Love this place
35,65,Thrilling experience 
35,66,It is amazing
36,67,It is going to be fun
36,68,Love this place
36,69,It is amazing
1,70,It is going to be fun
1,71,Love this place
1,72,Love this place
1,73,Thrilling experience 
1,74,I don’t like bungee jumping but I do like skiing
1,75,Cool!!!
2,76,Cool!!!
3,77,Cool!!!
4,78,Cool!!!
5,79,Cool!!!
1,80,It is amazing
2,81,It is going to be fun
3,82,Love this place
4,83,Cool!!!
5,84,Cool!!!
1,85,Cool!!!
2,86,Cool!!!
3,87,Love this place
4,88,Thrilling experience 
5,89,Nothing can stop me.
8,90,Cool!!!
8,91,Love this place
9,92,Thrilling experience 
9,93,Nothing can stop me.
10,94, Really cool place to carve
10,95, Really cool place to carve
11,96, Really cool place to carve
11,97, Really cool place to carve
12,98, Really cool place to carve
12,99,Cool!!!
13,100,It is going to be fun
13,101,Love this place
14,102,Love this place
14,103,Thrilling experience 
14,104,I don’t like bungee jumping but I do like skiing
15,105,Cool!!!
15,106,Cool!!!
16,107,Cool!!!
16,108,Cool!!!
16,109,Cool!!!
17,110,It is amazing
17,111,It is going to be fun
17,112,Love this place
18,113,Cool!!!
18,114,Cool!!!
19,115,Cool!!!
19,116,Cool!!!
20,117,Love this place
20,118,Thrilling experience 
21,119,Nothing can stop me.
21,120,Cool!!!
21,121,Love this place
22,122,Thrilling experience 
22,123,Nothing can stop me.
22,124, Really cool place to carve
23,125, Really cool place to carve
23,126, Really cool place to carve
23,127, Really cool place to carve
24,128, Really cool place to carve
24,129,Cool!!!
25,130,It is going to be fun
25,131,Love this place
25,132,Love this place
26,133,Thrilling experience 
26,134,I don’t like bungee jumping but I do like skiing
26,135,Cool!!!
27,136,Cool!!!
27,137,Cool!!!
27,138,Cool!!!
28,139,Cool!!!
28,140,It is amazing
28,141,It is going to be fun
28,142,Love this place
28,143,Cool!!!
29,144,Cool!!!
29,145,Cool!!!
29,146,Cool!!!
30,147,Love this place
30,148,Thrilling experience 
30,149,Nothing can stop me.
31,150,Cool!!!
31,151,Love this place
31,152,Thrilling experience 
32,153,Nothing can stop me.
32,154, Really cool place to carve
32,155, Really cool place to carve
32,156, Really cool place to carve
33,157, Really cool place to carve
33,158, Really cool place to carve
33,159,Cool!!!
34,160,It is going to be fun
34,161,Love this place
34,162,Love this place
35,163,Thrilling experience 
35,164,I don’t like bungee jumping but I do like skiing
35,165,Cool!!!
36,166,Cool!!!
36,167,Cool!!!
36,168,Cool!!!
1,169,Cool!!!
1,170,It is amazing
1,171,It is going to be fun
1,172,Love this place
1,173,Cool!!!
1,174,Cool!!!
2,175,Cool!!!
3,176,Cool!!!
4,177,Love this place
5,178,Thrilling experience 
1,179,Nothing can stop me.
2,180,Cool!!!
3,181,Love this place
4,182,Thrilling experience 
5,183,Nothing can stop me.
1,184, Really cool place to carve
2,185, Really cool place to carve
3,186, Really cool place to carve
4,187, Really cool place to carve
5,188, Really cool place to carve
8,189,Cool!!!
8,190,It is going to be fun
9,191,Love this place
9,192,Love this place
10,193,Thrilling experience 
10,194,I don’t like bungee jumping but I do like skiing
11,195,Cool!!!
11,196,Cool!!!
12,197,Cool!!!
12,198,Cool!!!
13,199,Cool!!!
13,200,It is amazing
14,201,It is going to be fun
14,202,Love this place
14,203,Cool!!!
15,204,Cool!!!
15,205,Cool!!!
16,206,Cool!!!
16,207,Love this place
16,208,Thrilling experience 
17,209,Nothing can stop me.
17,210,Cool!!!
17,211,Love this place
18,212,Thrilling experience 
18,213,Nothing can stop me.
19,214, Really cool place to carve
19,215, Really cool place to carve
20,216, Really cool place to carve
20,217, Really cool place to carve
21,218, Really cool place to carve
21,219,Cool!!!
21,220,It is going to be fun
22,221,Love this place
22,222,Love this place
22,223,Thrilling experience 
23,224,I don’t like bungee jumping but I do like skiing
23,225,Cool!!!
23,226,Cool!!!
24,227,Cool!!!
24,228,Cool!!!
25,229,Cool!!!
25,230,It is amazing
25,231,It is going to be fun
26,232,Love this place
26,233,Cool!!!
26,234,Cool!!!
27,235,Cool!!!
27,236,Cool!!!
27,237,Love this place
28,238,Thrilling experience 
28,239,Nothing can stop me.
28,240,Cool!!!
28,1,Love this place
28,2,Thrilling experience 
29,3,Nothing can stop me.
29,4, Really cool place to carve
29,5, Really cool place to carve
30,6, Really cool place to carve
30,7, Really cool place to carve
30,8, Really cool place to carve
31,9,Cool!!!
31,10,It is going to be fun
31,11,Love this place
32,12,Love this place
32,13,Thrilling experience 
32,14,I don’t like bungee jumping but I do like skiing
32,15,Cool!!!
33,16,Cool!!!
33,17,Cool!!!
33,18,Cool!!!
34,19,Cool!!!
34,20,It is amazing
34,21,It is going to be fun
35,22,Love this place
35,23,Cool!!!
35,24,Cool!!!
36,25,Cool!!!
36,26,Cool!!!
36,27,Love this place
1,28,Thrilling experience 
1,29,Nothing can stop me.
1,30,Cool!!!
1,31,Love this place
1,32,Thrilling experience 
1,33,Nothing can stop me.
2,34, Really cool place to carve
3,35, Really cool place to carve
4,36, Really cool place to carve
5,37, Really cool place to carve
1,38, Really cool place to carve
2,39,Cool!!!
3,40,It is going to be fun
4,41,Love this place
5,42,Love this place
1,43,Thrilling experience 
2,44,I don’t like bungee jumping but I do like skiing
3,45,Cool!!!
4,46,Cool!!!
5,47,Cool!!!
8,48,Cool!!!
8,49,Cool!!!
9,50,It is amazing
9,51,It is going to be fun
10,52,Love this place
10,53,Cool!!!
11,54,Cool!!!
11,55,Cool!!!
12,56,Cool!!!
12,57,Love this place
13,58,Thrilling experience 
13,59,Nothing can stop me.
14,60,Cool!!!
14,61,Love this place
14,62,Thrilling experience 
15,63,Nothing can stop me.
15,64, Really cool place to carve
16,65, Really cool place to carve
16,66, Really cool place to carve
16,67, Really cool place to carve
17,68, Really cool place to carve
17,69,Cool!!!
17,70,It is going to be fun
18,71,Love this place
18,72,Love this place
19,73,Thrilling experience 
19,74,I don’t like bungee jumping but I do like skiing
20,75,Cool!!!
20,76,Cool!!!
21,77,Cool!!!
21,78,Cool!!!
21,79,Cool!!!
22,80,It is amazing
22,81,It is going to be fun
22,82,Love this place
23,83,Cool!!!
23,84,Cool!!!
23,85,Cool!!!
24,86,Cool!!!
24,87,Love this place
25,88,Thrilling experience 
25,89,Nothing can stop me.
25,90,Cool!!!
26,91,Love this place
26,92,Thrilling experience 
26,93,Nothing can stop me.
27,94, Really cool place to carve
27,95, Really cool place to carve
27,96, Really cool place to carve
28,97, Really cool place to carve
28,98, Really cool place to carve
28,99,Cool!!!
28,100,It is going to be fun
28,101,Love this place
29,102,Love this place
29,103,Thrilling experience 
29,104,I don’t like bungee jumping but I do like skiing
30,105,Cool!!!
30,106,Cool!!!
30,107,Cool!!!
31,108,Cool!!!
31,109,Cool!!!
31,110,It is amazing
32,111,It is going to be fun
32,112,Love this place
32,113,Cool!!!
32,114,Cool!!!
33,115,Cool!!!
33,116,Cool!!!
33,117,Love this place
34,118,Thrilling experience 
34,119,Nothing can stop me.
34,120,Cool!!!
35,121,Love this place
35,122,Thrilling experience 
35,123,Nothing can stop me.
36,124, Really cool place to carve
36,125, Really cool place to carve
36,126, Really cool place to carve
1,127, Really cool place to carve
1,128, Really cool place to carve
1,129,Cool!!!
1,130,It is going to be fun
1,131,Love this place
1,132,Love this place
2,133,Thrilling experience 
3,134,I don’t like bungee jumping but I do like skiing
4,135,Cool!!!
5,136,Cool!!!
1,137,Cool!!!
2,138,Cool!!!
3,139,Cool!!!
4,140,It is amazing
5,141,It is going to be fun
1,142,Love this place
2,143,Cool!!!
3,144,Cool!!!
4,145,Cool!!!
5,146,Cool!!!
8,147,Love this place
8,148,Thrilling experience 
9,149,Nothing can stop me.
9,150,Cool!!!
10,151,Love this place
10,152,Thrilling experience 
11,153,Nothing can stop me.
11,154, Really cool place to carve
12,155, Really cool place to carve
12,156, Really cool place to carve
13,157, Really cool place to carve
13,158, Really cool place to carve
14,159,Cool!!!
14,160,It is going to be fun
14,161,Love this place
15,162,Love this place
15,163,Thrilling experience 
16,164,I don’t like bungee jumping but I do like skiing
16,165,Cool!!!
16,166,Cool!!!
17,167,Cool!!!
17,168,Cool!!!
17,169,Cool!!!
18,170,It is amazing
18,171,It is going to be fun
19,172,Love this place
19,173,Cool!!!
20,174,Cool!!!
20,175,Cool!!!
21,176,Cool!!!
21,177,Love this place
21,178,Thrilling experience 
22,179,Nothing can stop me.
22,180,Cool!!!
22,181,Love this place
23,182,Thrilling experience 
23,183,Nothing can stop me.
23,184, Really cool place to carve
24,185, Really cool place to carve
24,186, Really cool place to carve
25,187, Really cool place to carve
25,188, Really cool place to carve
25,189,Cool!!!
26,190,It is going to be fun
26,191,Love this place
26,192,Love this place
27,193,Thrilling experience 
27,194,I don’t like bungee jumping but I do like skiing
27,195,Cool!!!
28,196,Cool!!!
28,197,Cool!!!
28,198,Cool!!!
28,199,Cool!!!
28,200,It is amazing
29,201,It is going to be fun
29,202,Love this place
29,203,Cool!!!
30,204,Cool!!!
30,205,Cool!!!
30,206,Cool!!!
31,207,Love this place
31,208,Thrilling experience 
31,209,Nothing can stop me.
32,210,Cool!!!
32,211,Love this place
32,212,Thrilling experience 
32,213,Nothing can stop me.
33,214, Really cool place to carve
33,215, Really cool place to carve
33,216, Really cool place to carve
34,217, Really cool place to carve
34,218, Really cool place to carve
34,219,Cool!!!
35,220,Love this place
35,221,Thrilling experience 
35,222,Nothing can stop me.
36,223, Really cool place to carve
36,224, Really cool place to carve
36,225,Love this place
37,226,Cool!!!
38,227,Cool!!!
39,228,Cool!!!
40,229,Love this place
41,230,Thrilling experience 
42,231,Nothing can stop me.
43,232,Cool!!!
44,233,Love this place
45,234,Thrilling experience 
46,235,Nothing can stop me.
47,236, Really cool place to carve
48,237, Really cool place to carve
49,238, Really cool place to carve
50,239, Really cool place to carve
51,240, Really cool place to carve
