username,email,password,first_name,last_name,description,photo,type,snow_sports,water_sports,land_sports,air_sports
frosty,abc1@email.net,password,Sean,Klinglesmith,cool dude who likes to film using drones or otherwise,SEAN.jpeg,"Photographer ,Videographer,Drone Operator",Snowboard,Surf,"Skateboard,BMX,Mountain Bike","Sky Dive,Hang Glide"
Cmart,abc2@email.net,password,Christian,Marcy,rad man who loves to shred,SnMb1.jpeg,Athlete,Downhill Ski,Water Ski,Skateboard,Hang Glide
JRider,abc3@email.net,password,RJ,Boucher,pro dude who knows how to carve,Sn4.jpeg,"Athlete,Pro Athlete","Snowboard,Downhill Ski,snowmobile","Surf,Water Ski",BMX,"Sky Dive,Hang Glide"
balthazar,abc4@email.net,password,Brandon,Wheeler,awesome bro who loves to shred the gnar,Su1.jpeg,Athlete,Snowboard,"Surf,Paddleboard","Mountain Bike, Parkour",Sky Dive
Shred,abc5@email.net,password,Fred,Budde,Fan of sports and loves to take pictures,FRED.jpeg,"Photographer ,Fan",Downhill Ski,Water Ski,,
Iceman,abc6@email.net,password,Md,Monir,loves to film action sequences,Ph2.jpeg,Videographer,snowmobile,"Surf,Water Ski","Skateboard,BMX,Mountain Bike",
Dhruvp18,abc7@email.net,password,Dhruv,Patel,Timeless traveler ,DHRUV.jpeg,"Photographer ,Videographer,Drone Operator",Snowboard,"Surf, Paddleboard",Skateboard,
Andez,abc8@email.net,password,Dylan,Anderson,rad man who loves to shred,SkyDive1.jpeg,"Athlete,Pro Athlete,Drone Operator",Downhill Ski,Water Ski,BMX,"Sky Dive,Hang Glide"
ProfMan,abc8@email.net,password,Dr. ,Baliga,Awesome Professor,BALIGA.jpeg,"Athlete,Pro Athlete,Drone Operator",Downhill Ski,Water Ski,,Hang Glide
Dgoodman10,user10@email.net,password,Daniel,Goodman,"Up for anything, lets carve!",SkyDive2.jpeg,Athlete,,"Surf, Water Ski","BMX, Skateboard","Sky Dive,Hang Glide"
HockeyMask11,abc11@email.net,password,Jason ,Vorhees,"Not a big Fan of water sports, but lets hit the snow some time!",Ph1.jpeg,Photographer ,,Kayak,Parkour,Sky Dive
IronMan12,abc12@email.net,password,Tony,Stark,"genius, billionaire, playboy philanthropist, what else do you need?",Su3.jpeg,Athlete,,"Surf, Water Ski","Skateboard,BMX,Mountain Bike",Sky Dive
EddieRox13,abc13@email.net,password,Bruce,Dickenson,I was born to rock and to fly through the sky!,Ph2.jpeg,Photographer ,Snowboard,Water Ski,Skateboard,
TFranks14,abc14@email.net,password,Thomas,Franklin,"Here for a good time, not a long time, into all kinds of extreme sports!",Su3.jpeg,Athlete,Downhill Ski,Surf,BMX,
GoldHand15,abc15@email.net,password,Jamie,Lannister,"I love two things in this world, my family and my extreme sports",Ph3.jpeg,Photographer ,"Snowboard,Downhill Ski,snowmobile","Surf, Water Ski","Mountain Bike, Cliff Dive","Sky Dive,Hang Glide"
HammerMan16,abc16@email.net,password,Robert,Baratheon,The only thing I love more than agood hunt is a good carve! lets do it up! ,Hg1.jpeg,Athlete,Snowboard,Water Ski,Parkour,Hang Glide
Reaper17,abc17@email.net,password,Jaxon,Teller,"When I'm not riding my motorcycle, you can find me on the mountain! ",Ph2.jpeg,Photographer ,Downhill Ski,"Surf, Paddleboard","Skateboard,BMX,Mountain Bike","Sky Dive,Hang Glide"
BestCaptain18,abc18@email.net,password,Jean-luc,Picard,"I'm te best captain, better than kirk, way more extreme",SkyDive1.jpeg,Athlete,snowmobile,"Surf, Water Ski",Skateboard,Sky Dive
Favabeans19,user19@email.net,password,Hannibal,Lecter,"Doctor, phsychologist, chef, people person, lets hang out!",Ph3.jpeg,Photographer ,Snowboard,Water Ski,BMX,Base Jump
Xwing20,user20@email.net,password,Luke,Skywalker,I use the force to shred the gnar! ,Su3.jpeg,Athlete,Downhill Ski,Surf,Rock Climb,Air Race
LoveMyDog21,abc21@email.net,password,John,Wick,my dog and I love to Surf together,Ph3.jpeg,Photographer ,Downhill Ski,"Surf, Water Ski","BMX, Skateboard",BAse Jump
Terminator22,abc22@email.net,password,Sarah,Connor,would travel time for some good waves,Hg1.jpeg,Athlete,Cross-Country Ski,Water Ski,Cliff Dive,"Sky Dive,Hang Glide"
DarkTower23,abc23@email.net,password,Roland,Deschain,"I must find the dark tower, but first, let's carve! ",Ph1.jpeg,Photographer ,Cross-Country Ski,Surf,"Skateboard,BMX,Mountain Bike",Hang Glide
MotleyCrue24,abc24@email.net,password,Nikki,Sixx,The beach is my home sweet home ,SkyDive2.jpeg,Athlete,Cross-Country Ski,"Surf, Water Ski",Skateboard,"Sky Dive,Hang Glide"
CaptMarvel25,abc25@email.net,password,Carol,Danvers,"former airforce test pilot, current Sky Diver",SkyDive2.jpeg,Photographer ,Snowboard,Water Ski,BMX,Sky Dive
BlackWidow26,abc26@email.net,password,Natasha,Romanov,freerunning is my life outside of the avengers,SkPh2.jpeg,Athlete,Downhill Ski,Surf,Mountain Bike,Base Jump
InvisibleWoman27,abc27@email.net,password,Susan,Storm,"Im not always invisible, thatts why i need people to film me ",Ph2.jpeg,Photographer ,"Snowboard,Downhill Ski,snowmobile","Surf, Water Ski",,Air Race
NoOne28,abc28@email.net,password,Arya,Stark,"A girl is noone, except for a great snowborder",Sn1.jpeg,Athlete,Snowboard,Water Ski,"Skateboard,BMX,Mountain Bike",
Rescue29,user29@email.net,password,Pepper,Potts,catch me skydiving with my husband,Ph2.jpeg,Photographer ,Downhill Ski,Surf,Skateboard,"Sky Dive,Hang Glide"
Dishonored30,user30@email.net,password,Corvo,Attano,love to run around and jump off of things,Su3.jpeg,Athlete,snowmobile,"Surf, Water Ski",BMX,Hang Glide
Dgoodman11,user10@email.net,password,Daniel,Goodman,"Up for anything, lets carve!",SkyDive2.jpeg,Athlete,,"Surf, Water Ski","BMX, Skateboard","Sky Dive,Hang Glide"
HockeyMask12,abc11@email.net,password,Jason ,Vorhees,"Not a big Fan of water sports, but lets hit the snow some time!",Ph1.jpeg,Photographer ,,Kayak,Parkour,Sky Dive
IronMan13,abc12@email.net,password,Tony,Stark,"genius, billionaire, playboy philanthropist, what else do you need?",Su3.jpeg,Athlete,,"Surf, Water Ski","Skateboard,BMX,Mountain Bike",Sky Dive
EddieRox14,abc13@email.net,password,Bruce,Dickenson,I was born to rock and to fly through the sky!,Ph2.jpeg,Photographer ,Snowboard,Water Ski,Skateboard,
TFranks15,abc14@email.net,password,Thomas,Franklin,"Here for a good time, not a long time, into all kinds of extreme sports!",Su3.jpeg,Athlete,Downhill Ski,Surf,BMX,
GoldHand16,abc15@email.net,password,Jamie,Lannister,"I love two things in this world, my family and my extreme sports",Ph3.jpeg,Photographer ,"Snowboard,Downhill Ski,snowmobile","Surf, Water Ski","Mountain Bike, Cliff Dive","Sky Dive,Hang Glide"
HammerMan17,abc16@email.net,password,Robert,Baratheon,The only thing I love more than agood hunt is a good carve! lets do it up! ,Hg1.jpeg,Athlete,Snowboard,Water Ski,Parkour,Hang Glide
Reaper18,abc17@email.net,password,Jaxon,Teller,"When I'm not riding my motorcycle, you can find me on the mountain! ",Ph2.jpeg,Photographer ,Downhill Ski,"Surf, Paddleboard","Skateboard,BMX,Mountain Bike","Sky Dive,Hang Glide"
BestCaptain19,abc18@email.net,password,Jean-luc,Picard,"I'm te best captain, better than kirk, way more extreme",SkyDive1.jpeg,Athlete,snowmobile,"Surf, Water Ski",Skateboard,Sky Dive
Favabeans20,user19@email.net,password,Hannibal,Lecter,"Doctor, phsychologist, chef, people person, lets hang out!",Ph3.jpeg,Photographer ,Snowboard,Water Ski,BMX,Base Jump
Xwing21,user20@email.net,password,Luke,Skywalker,I use the force to shred the gnar! ,Su3.jpeg,Athlete,Downhill Ski,Surf,Rock Climb,Air Race
LoveMyDog22,abc21@email.net,password,John,Wick,my dog and I love to Surf together,Ph3.jpeg,Photographer ,Downhill Ski,"Surf, Water Ski","BMX, Skateboard",BAse Jump
Terminator23,abc22@email.net,password,Sarah,Connor,would travel time for some good waves,Hg1.jpeg,Athlete,Cross-Country Ski,Water Ski,Cliff Dive,"Sky Dive,Hang Glide"
DarkTower24,abc23@email.net,password,Roland,Deschain,"I must find the dark tower, but first, let's carve! ",Ph1.jpeg,Photographer ,Cross-Country Ski,Surf,"Skateboard,BMX,Mountain Bike",Hang Glide
MotleyCrue25,abc24@email.net,password,Nikki,Sixx,The beach is my home sweet home ,SkyDive2.jpeg,Athlete,Cross-Country Ski,"Surf, Water Ski",Skateboard,"Sky Dive,Hang Glide"
CaptMarvel26,abc25@email.net,password,Carol,Danvers,"former airforce test pilot, current Sky Diver",SkyDive2.jpeg,Photographer ,Snowboard,Water Ski,BMX,Sky Dive
BlackWidow27,abc26@email.net,password,Natasha,Romanov,freerunning is my life outside of the avengers,SkPh2.jpeg,Athlete,Downhill Ski,Surf,Mountain Bike,Base Jump
InvisibleWoman28,abc27@email.net,password,Susan,Storm,"Im not always invisible, thatts why i need people to film me ",Ph2.jpeg,Photographer ,"Snowboard,Downhill Ski,snowmobile","Surf, Water Ski",,Air Race
NoOne29,abc28@email.net,password,Arya,Stark,"A girl is noone, except for a great snowborder",Sn1.jpeg,Athlete,Snowboard,Water Ski,"Skateboard,BMX,Mountain Bike",
Rescue30,user10@email.net,password,Daniel,Goodman,"Up for anything, lets carve!",SkyDive2.jpeg,Athlete,,"Surf, Water Ski","BMX, Skateboard","Sky Dive,Hang Glide"
Dishonored31,abc11@email.net,password,Jason ,Vorhees,"Not a big Fan of water sports, but lets hit the snow some time!",Ph1.jpeg,Photographer ,,Kayak,Parkour,Sky Dive
Dgoodman12,abc12@email.net,password,Tony,Stark,"genius, billionaire, playboy philanthropist, what else do you need?",Su3.jpeg,Athlete,,"Surf, Water Ski","Skateboard,BMX,Mountain Bike",Sky Dive
HockeyMask13,abc13@email.net,password,Bruce,Dickenson,I was born to rock and to fly through the sky!,Ph2.jpeg,Photographer ,Snowboard,Water Ski,Skateboard,
IronMan14,abc14@email.net,password,Thomas,Franklin,"Here for a good time, not a long time, into all kinds of extreme sports!",Su3.jpeg,Athlete,Downhill Ski,Surf,BMX,
EddieRox15,abc15@email.net,password,Jamie,Lannister,"I love two things in this world, my family and my extreme sports",Ph3.jpeg,Photographer ,"Snowboard,Downhill Ski,snowmobile","Surf, Water Ski","Mountain Bike, Cliff Dive","Sky Dive,Hang Glide"
TFranks16,abc16@email.net,password,Robert,Baratheon,The only thing I love more than agood hunt is a good carve! lets do it up! ,Hg1.jpeg,Athlete,Snowboard,Water Ski,Parkour,Hang Glide
GoldHand17,abc17@email.net,password,Jaxon,Teller,"When I'm not riding my motorcycle, you can find me on the mountain! ",Ph2.jpeg,Photographer ,Downhill Ski,"Surf, Paddleboard","Skateboard,BMX,Mountain Bike","Sky Dive,Hang Glide"
HammerMan18,abc18@email.net,password,Jean-luc,Picard,"I'm te best captain, better than kirk, way more extreme",SkyDive1.jpeg,Athlete,snowmobile,"Surf, Water Ski",Skateboard,Sky Dive
Reaper19,user19@email.net,password,Hannibal,Lecter,"Doctor, phsychologist, chef, people person, lets hang out!",Ph3.jpeg,Photographer ,Snowboard,Water Ski,BMX,Base Jump
BestCaptain20,user20@email.net,password,Luke,Skywalker,I use the force to shred the gnar! ,Su3.jpeg,Athlete,Downhill Ski,Surf,Rock Climb,Air Race
Favabeans21,abc21@email.net,password,John,Wick,my dog and I love to Surf together,Ph3.jpeg,Photographer ,Downhill Ski,"Surf, Water Ski","BMX, Skateboard",BAse Jump
Xwing22,abc22@email.net,password,Sarah,Connor,would travel time for some good waves,Hg1.jpeg,Athlete,Cross-Country Ski,Water Ski,Cliff Dive,"Sky Dive,Hang Glide"
LoveMyDog23,abc23@email.net,password,Roland,Deschain,"I must find the dark tower, but first, let's carve! ",Ph1.jpeg,Photographer ,Cross-Country Ski,Surf,"Skateboard,BMX,Mountain Bike",Hang Glide
Terminator24,abc24@email.net,password,Nikki,Sixx,The beach is my home sweet home ,SkyDive2.jpeg,Athlete,Cross-Country Ski,"Surf, Water Ski",Skateboard,"Sky Dive,Hang Glide"
DarkTower25,abc25@email.net,password,Carol,Danvers,"former airforce test pilot, current Sky Diver",SkyDive2.jpeg,Photographer ,Snowboard,Water Ski,BMX,Sky Dive
MotleyCrue26,abc26@email.net,password,Natasha,Romanov,freerunning is my life outside of the avengers,SkPh2.jpeg,Athlete,Downhill Ski,Surf,Mountain Bike,Base Jump
CaptMarvel27,abc27@email.net,password,Susan,Storm,"Im not always invisible, thatts why i need people to film me ",Ph2.jpeg,Photographer ,"Snowboard,Downhill Ski,snowmobile","Surf, Water Ski",,Air Race
BlackWidow28,abc28@email.net,password,Arya,Stark,"A girl is noone, except for a great snowborder",Sn1.jpeg,Athlete,Snowboard,Water Ski,"Skateboard,BMX,Mountain Bike",
InvisibleWoman29,user29@email.net,password,Pepper,Potts,catch me skydiving with my husband,Ph2.jpeg,Photographer ,Downhill Ski,Surf,Skateboard,"Sky Dive,Hang Glide"
NoOne30,user30@email.net,password,Corvo,Attano,love to run around and jump off of things,Su3.jpeg,Athlete,snowmobile,"Surf, Water Ski",BMX,Hang Glide
Rescue31,user10@email.net,password,Daniel,Goodman,"Up for anything, lets carve!",SkyDive2.jpeg,Athlete,,"Surf, Water Ski","BMX, Skateboard","Sky Dive,Hang Glide"
Dishonored32,abc11@email.net,password,Jason ,Vorhees,"Not a big Fan of water sports, but lets hit the snow some time!",Ph1.jpeg,Photographer ,,Kayak,Parkour,Sky Dive
Dgoodman13,abc12@email.net,password,Tony,Stark,"genius, billionaire, playboy philanthropist, what else do you need?",Su3.jpeg,Athlete,,"Surf, Water Ski","Skateboard,BMX,Mountain Bike",Sky Dive
HockeyMask14,abc13@email.net,password,Bruce,Dickenson,I was born to rock and to fly through the sky!,Ph2.jpeg,Photographer ,Snowboard,Water Ski,Skateboard,
IronMan15,abc14@email.net,password,Thomas,Franklin,"Here for a good time, not a long time, into all kinds of extreme sports!",Su3.jpeg,Athlete,Downhill Ski,Surf,BMX,
EddieRox16,abc15@email.net,password,Jamie,Lannister,"I love two things in this world, my family and my extreme sports",Ph3.jpeg,Photographer ,"Snowboard,Downhill Ski,snowmobile","Surf, Water Ski","Mountain Bike, Cliff Dive","Sky Dive,Hang Glide"
TFranks17,abc16@email.net,password,Robert,Baratheon,The only thing I love more than agood hunt is a good carve! lets do it up! ,Hg1.jpeg,Athlete,Snowboard,Water Ski,Parkour,Hang Glide
GoldHand18,abc17@email.net,password,Jaxon,Teller,"When I'm not riding my motorcycle, you can find me on the mountain! ",Ph2.jpeg,Photographer ,Downhill Ski,"Surf, Paddleboard","Skateboard,BMX,Mountain Bike","Sky Dive,Hang Glide"
HammerMan19,abc18@email.net,password,Jean-luc,Picard,"I'm te best captain, better than kirk, way more extreme",SkyDive1.jpeg,Athlete,snowmobile,"Surf, Water Ski",Skateboard,Sky Dive
Reaper20,user19@email.net,password,Hannibal,Lecter,"Doctor, phsychologist, chef, people person, lets hang out!",Ph3.jpeg,Photographer ,Snowboard,Water Ski,BMX,Base Jump
BestCaptain21,user20@email.net,password,Luke,Skywalker,I use the force to shred the gnar! ,Su3.jpeg,Athlete,Downhill Ski,Surf,Rock Climb,Air Race
Favabeans22,abc21@email.net,password,John,Wick,my dog and I love to Surf together,Ph3.jpeg,Photographer ,Downhill Ski,"Surf, Water Ski","BMX, Skateboard",BAse Jump
Xwing23,abc22@email.net,password,Sarah,Connor,would travel time for some good waves,Hg1.jpeg,Athlete,Cross-Country Ski,Water Ski,Cliff Dive,"Sky Dive,Hang Glide"
LoveMyDog24,abc23@email.net,password,Roland,Deschain,"I must find the dark tower, but first, let's carve! ",Ph1.jpeg,Photographer ,Cross-Country Ski,Surf,"Skateboard,BMX,Mountain Bike",Hang Glide
Terminator25,abc24@email.net,password,Nikki,Sixx,The beach is my home sweet home ,SkyDive2.jpeg,Athlete,Cross-Country Ski,"Surf, Water Ski",Skateboard,"Sky Dive,Hang Glide"
DarkTower26,abc25@email.net,password,Carol,Danvers,"former airforce test pilot, current Sky Diver",SkyDive2.jpeg,Photographer ,Snowboard,Water Ski,BMX,Sky Dive
MotleyCrue27,abc26@email.net,password,Natasha,Romanov,freerunning is my life outside of the avengers,SkPh2.jpeg,Athlete,Downhill Ski,Surf,Mountain Bike,Base Jump
CaptMarvel28,abc27@email.net,password,Susan,Storm,"Im not always invisible, thatts why i need people to film me ",Ph2.jpeg,Photographer ,"Snowboard,Downhill Ski,snowmobile","Surf, Water Ski",,Air Race
BlackWidow29,abc28@email.net,password,Arya,Stark,"A girl is noone, except for a great snowborder",Sn1.jpeg,Athlete,Snowboard,Water Ski,"Skateboard,BMX,Mountain Bike",
InvisibleWoman30,user10@email.net,password,Daniel,Goodman,"Up for anything, lets carve!",SkyDive2.jpeg,Athlete,,"Surf, Water Ski","BMX, Skateboard","Sky Dive,Hang Glide"
NoOne31,abc11@email.net,password,Jason ,Vorhees,"Not a big Fan of water sports, but lets hit the snow some time!",Ph1.jpeg,Photographer ,,Kayak,Parkour,Sky Dive
Rescue32,abc12@email.net,password,Tony,Stark,"genius, billionaire, playboy philanthropist, what else do you need?",Su3.jpeg,Athlete,,"Surf, Water Ski","Skateboard,BMX,Mountain Bike",Sky Dive
Dishonored33,abc13@email.net,password,Bruce,Dickenson,I was born to rock and to fly through the sky!,Ph2.jpeg,Photographer ,Snowboard,Water Ski,Skateboard,
Dgoodman14,abc14@email.net,password,Thomas,Franklin,"Here for a good time, not a long time, into all kinds of extreme sports!",Su3.jpeg,Athlete,Downhill Ski,Surf,BMX,
HockeyMask15,abc15@email.net,password,Jamie,Lannister,"I love two things in this world, my family and my extreme sports",Ph3.jpeg,Photographer ,"Snowboard,Downhill Ski,snowmobile","Surf, Water Ski","Mountain Bike, Cliff Dive","Sky Dive,Hang Glide"
IronMan16,abc16@email.net,password,Robert,Baratheon,The only thing I love more than agood hunt is a good carve! lets do it up! ,Hg1.jpeg,Athlete,Snowboard,Water Ski,Parkour,Hang Glide
EddieRox17,abc17@email.net,password,Jaxon,Teller,"When I'm not riding my motorcycle, you can find me on the mountain! ",Ph2.jpeg,Photographer ,Downhill Ski,"Surf, Paddleboard","Skateboard,BMX,Mountain Bike","Sky Dive,Hang Glide"
TFranks18,abc18@email.net,password,Jean-luc,Picard,"I'm te best captain, better than kirk, way more extreme",SkyDive1.jpeg,Athlete,snowmobile,"Surf, Water Ski",Skateboard,Sky Dive
GoldHand19,user19@email.net,password,Hannibal,Lecter,"Doctor, phsychologist, chef, people person, lets hang out!",Ph3.jpeg,Photographer ,Snowboard,Water Ski,BMX,Base Jump
HammerMan20,user20@email.net,password,Luke,Skywalker,I use the force to shred the gnar! ,Su3.jpeg,Athlete,Downhill Ski,Surf,Rock Climb,Air Race
Reaper21,abc21@email.net,password,John,Wick,my dog and I love to Surf together,Ph3.jpeg,Photographer ,Downhill Ski,"Surf, Water Ski","BMX, Skateboard",BAse Jump
BestCaptain22,abc22@email.net,password,Sarah,Connor,would travel time for some good waves,Hg1.jpeg,Athlete,Cross-Country Ski,Water Ski,Cliff Dive,"Sky Dive,Hang Glide"
Favabeans23,abc23@email.net,password,Roland,Deschain,"I must find the dark tower, but first, let's carve! ",Ph1.jpeg,Photographer ,Cross-Country Ski,Surf,"Skateboard,BMX,Mountain Bike",Hang Glide
Xwing24,abc24@email.net,password,Nikki,Sixx,The beach is my home sweet home ,SkyDive2.jpeg,Athlete,Cross-Country Ski,"Surf, Water Ski",Skateboard,"Sky Dive,Hang Glide"
LoveMyDog25,abc25@email.net,password,Carol,Danvers,"former airforce test pilot, current Sky Diver",SkyDive2.jpeg,Photographer ,Snowboard,Water Ski,BMX,Sky Dive
Terminator26,abc26@email.net,password,Natasha,Romanov,freerunning is my life outside of the avengers,SkPh2.jpeg,Athlete,Downhill Ski,Surf,Mountain Bike,Base Jump
DarkTower27,abc27@email.net,password,Susan,Storm,"Im not always invisible, thatts why i need people to film me ",Ph2.jpeg,Photographer ,"Snowboard,Downhill Ski,snowmobile","Surf, Water Ski",,Air Race
MotleyCrue28,abc28@email.net,password,Arya,Stark,"A girl is noone, except for a great snowborder",Sn1.jpeg,Athlete,Snowboard,Water Ski,"Skateboard,BMX,Mountain Bike",
CaptMarvel29,user29@email.net,password,Pepper,Potts,catch me skydiving with my husband,Ph2.jpeg,Photographer ,Downhill Ski,Surf,Skateboard,"Sky Dive,Hang Glide"
BlackWidow30,user30@email.net,password,Corvo,Attano,love to run around and jump off of things,Su3.jpeg,Athlete,snowmobile,"Surf, Water Ski",BMX,Hang Glide
InvisibleWoman31,user10@email.net,password,Daniel,Goodman,"Up for anything, lets carve!",SkyDive2.jpeg,Athlete,,"Surf, Water Ski","BMX, Skateboard","Sky Dive,Hang Glide"
NoOne32,abc11@email.net,password,Jason ,Vorhees,"Not a big Fan of water sports, but lets hit the snow some time!",Ph1.jpeg,Photographer ,,Kayak,Parkour,Sky Dive
Rescue33,abc12@email.net,password,Tony,Stark,"genius, billionaire, playboy philanthropist, what else do you need?",Su3.jpeg,Athlete,,"Surf, Water Ski","Skateboard,BMX,Mountain Bike",Sky Dive
Dishonored34,abc13@email.net,password,Bruce,Dickenson,I was born to rock and to fly through the sky!,Ph2.jpeg,Photographer ,Snowboard,Water Ski,Skateboard,
Dgoodman15,abc14@email.net,password,Thomas,Franklin,"Here for a good time, not a long time, into all kinds of extreme sports!",Su3.jpeg,Athlete,Downhill Ski,Surf,BMX,
HockeyMask16,abc15@email.net,password,Jamie,Lannister,"I love two things in this world, my family and my extreme sports",Ph3.jpeg,Photographer ,"Snowboard,Downhill Ski,snowmobile","Surf, Water Ski","Mountain Bike, Cliff Dive","Sky Dive,Hang Glide"
IronMan17,abc16@email.net,password,Robert,Baratheon,The only thing I love more than agood hunt is a good carve! lets do it up! ,Hg1.jpeg,Athlete,Snowboard,Water Ski,Parkour,Hang Glide
EddieRox18,abc17@email.net,password,Jaxon,Teller,"When I'm not riding my motorcycle, you can find me on the mountain! ",Ph2.jpeg,Photographer ,Downhill Ski,"Surf, Paddleboard","Skateboard,BMX,Mountain Bike","Sky Dive,Hang Glide"
TFranks19,abc18@email.net,password,Jean-luc,Picard,"I'm te best captain, better than kirk, way more extreme",SkyDive1.jpeg,Athlete,snowmobile,"Surf, Water Ski",Skateboard,Sky Dive
GoldHand20,user19@email.net,password,Hannibal,Lecter,"Doctor, phsychologist, chef, people person, lets hang out!",Ph3.jpeg,Photographer ,Snowboard,Water Ski,BMX,Base Jump
HammerMan21,user20@email.net,password,Luke,Skywalker,I use the force to shred the gnar! ,Su3.jpeg,Athlete,Downhill Ski,Surf,Rock Climb,Air Race
Reaper22,abc21@email.net,password,John,Wick,my dog and I love to Surf together,Ph3.jpeg,Photographer ,Downhill Ski,"Surf, Water Ski","BMX, Skateboard",BAse Jump
BestCaptain23,abc22@email.net,password,Sarah,Connor,would travel time for some good waves,Hg1.jpeg,Athlete,Cross-Country Ski,Water Ski,Cliff Dive,"Sky Dive,Hang Glide"
Favabeans24,abc23@email.net,password,Roland,Deschain,"I must find the dark tower, but first, let's carve! ",Ph1.jpeg,Photographer ,Cross-Country Ski,Surf,"Skateboard,BMX,Mountain Bike",Hang Glide
Xwing25,abc24@email.net,password,Nikki,Sixx,The beach is my home sweet home ,SkyDive2.jpeg,Athlete,Cross-Country Ski,"Surf, Water Ski",Skateboard,"Sky Dive,Hang Glide"
LoveMyDog26,abc25@email.net,password,Carol,Danvers,"former airforce test pilot, current Sky Diver",SkyDive2.jpeg,Photographer ,Snowboard,Water Ski,BMX,Sky Dive
Terminator27,abc26@email.net,password,Natasha,Romanov,freerunning is my life outside of the avengers,SkPh2.jpeg,Athlete,Downhill Ski,Surf,Mountain Bike,Base Jump
DarkTower28,abc27@email.net,password,Susan,Storm,"Im not always invisible, thatts why i need people to film me ",Ph2.jpeg,Photographer ,"Snowboard,Downhill Ski,snowmobile","Surf, Water Ski",,Air Race
MotleyCrue29,abc28@email.net,password,Arya,Stark,"A girl is noone, except for a great snowborder",Sn1.jpeg,Athlete,Snowboard,Water Ski,"Skateboard,BMX,Mountain Bike",
CaptMarvel30,user10@email.net,password,Daniel,Goodman,"Up for anything, lets carve!",SkyDive2.jpeg,Athlete,,"Surf, Water Ski","BMX, Skateboard","Sky Dive,Hang Glide"
BlackWidow31,abc11@email.net,password,Jason ,Vorhees,"Not a big Fan of water sports, but lets hit the snow some time!",Ph1.jpeg,Photographer ,,Kayak,Parkour,Sky Dive
InvisibleWoman32,abc12@email.net,password,Tony,Stark,"genius, billionaire, playboy philanthropist, what else do you need?",Su3.jpeg,Athlete,,"Surf, Water Ski","Skateboard,BMX,Mountain Bike",Sky Dive
NoOne33,abc13@email.net,password,Bruce,Dickenson,I was born to rock and to fly through the sky!,Ph2.jpeg,Photographer ,Snowboard,Water Ski,Skateboard,
Rescue34,abc14@email.net,password,Thomas,Franklin,"Here for a good time, not a long time, into all kinds of extreme sports!",Su3.jpeg,Athlete,Downhill Ski,Surf,BMX,
Dishonored35,abc15@email.net,password,Jamie,Lannister,"I love two things in this world, my family and my extreme sports",Ph3.jpeg,Photographer ,"Snowboard,Downhill Ski,snowmobile","Surf, Water Ski","Mountain Bike, Cliff Dive","Sky Dive,Hang Glide"
Dgoodman16,abc16@email.net,password,Robert,Baratheon,The only thing I love more than agood hunt is a good carve! lets do it up! ,Hg1.jpeg,Athlete,Snowboard,Water Ski,Parkour,Hang Glide
HockeyMask17,abc17@email.net,password,Jaxon,Teller,"When I'm not riding my motorcycle, you can find me on the mountain! ",Ph2.jpeg,Photographer ,Downhill Ski,"Surf, Paddleboard","Skateboard,BMX,Mountain Bike","Sky Dive,Hang Glide"
IronMan18,abc18@email.net,password,Jean-luc,Picard,"I'm te best captain, better than kirk, way more extreme",SkyDive1.jpeg,Athlete,snowmobile,"Surf, Water Ski",Skateboard,Sky Dive
EddieRox19,user19@email.net,password,Hannibal,Lecter,"Doctor, phsychologist, chef, people person, lets hang out!",Ph3.jpeg,Photographer ,Snowboard,Water Ski,BMX,Base Jump
TFranks20,user20@email.net,password,Luke,Skywalker,I use the force to shred the gnar! ,Su3.jpeg,Athlete,Downhill Ski,Surf,Rock Climb,Air Race
GoldHand21,abc21@email.net,password,John,Wick,my dog and I love to Surf together,Ph3.jpeg,Photographer ,Downhill Ski,"Surf, Water Ski","BMX, Skateboard",BAse Jump
HammerMan22,abc22@email.net,password,Sarah,Connor,would travel time for some good waves,Hg1.jpeg,Athlete,Cross-Country Ski,Water Ski,Cliff Dive,"Sky Dive,Hang Glide"
Reaper23,abc23@email.net,password,Roland,Deschain,"I must find the dark tower, but first, let's carve! ",Ph1.jpeg,Photographer ,Cross-Country Ski,Surf,"Skateboard,BMX,Mountain Bike",Hang Glide
BestCaptain24,abc24@email.net,password,Nikki,Sixx,The beach is my home sweet home ,SkyDive2.jpeg,Athlete,Cross-Country Ski,"Surf, Water Ski",Skateboard,"Sky Dive,Hang Glide"
Favabeans25,abc25@email.net,password,Carol,Danvers,"former airforce test pilot, current Sky Diver",SkyDive2.jpeg,Photographer ,Snowboard,Water Ski,BMX,Sky Dive
Xwing26,abc26@email.net,password,Natasha,Romanov,freerunning is my life outside of the avengers,SkPh2.jpeg,Athlete,Downhill Ski,Surf,Mountain Bike,Base Jump
LoveMyDog27,abc27@email.net,password,Susan,Storm,"Im not always invisible, thatts why i need people to film me ",Ph2.jpeg,Photographer ,"Snowboard,Downhill Ski,snowmobile","Surf, Water Ski",,Air Race
Terminator28,abc28@email.net,password,Arya,Stark,"A girl is noone, except for a great snowborder",Sn1.jpeg,Athlete,Snowboard,Water Ski,"Skateboard,BMX,Mountain Bike",
DarkTower29,user29@email.net,password,Pepper,Potts,catch me skydiving with my husband,Ph2.jpeg,Photographer ,Downhill Ski,Surf,Skateboard,"Sky Dive,Hang Glide"
MotleyCrue30,user30@email.net,password,Corvo,Attano,love to run around and jump off of things,Su3.jpeg,Athlete,snowmobile,"Surf, Water Ski",BMX,Hang Glide
CaptMarvel31,user10@email.net,password,Daniel,Goodman,"Up for anything, lets carve!",SkyDive2.jpeg,Athlete,,"Surf, Water Ski","BMX, Skateboard","Sky Dive,Hang Glide"
BlackWidow32,abc11@email.net,password,Jason ,Vorhees,"Not a big Fan of water sports, but lets hit the snow some time!",Ph1.jpeg,Photographer ,,Kayak,Parkour,Sky Dive
InvisibleWoman33,abc12@email.net,password,Tony,Stark,"genius, billionaire, playboy philanthropist, what else do you need?",Su3.jpeg,Athlete,,"Surf, Water Ski","Skateboard,BMX,Mountain Bike",Sky Dive
NoOne34,abc13@email.net,password,Bruce,Dickenson,I was born to rock and to fly through the sky!,Ph2.jpeg,Photographer ,Snowboard,Water Ski,Skateboard,
Rescue35,abc14@email.net,password,Thomas,Franklin,"Here for a good time, not a long time, into all kinds of extreme sports!",Su3.jpeg,Athlete,Downhill Ski,Surf,BMX,
Dishonored36,abc15@email.net,password,Jamie,Lannister,"I love two things in this world, my family and my extreme sports",Ph3.jpeg,Photographer ,"Snowboard,Downhill Ski,snowmobile","Surf, Water Ski","Mountain Bike, Cliff Dive","Sky Dive,Hang Glide"
Dgoodman17,abc16@email.net,password,Robert,Baratheon,The only thing I love more than agood hunt is a good carve! lets do it up! ,Hg1.jpeg,Athlete,Snowboard,Water Ski,Parkour,Hang Glide
HockeyMask18,abc17@email.net,password,Jaxon,Teller,"When I'm not riding my motorcycle, you can find me on the mountain! ",Ph2.jpeg,Photographer ,Downhill Ski,"Surf, Paddleboard","Skateboard,BMX,Mountain Bike","Sky Dive,Hang Glide"
IronMan19,abc18@email.net,password,Jean-luc,Picard,"I'm te best captain, better than kirk, way more extreme",SkyDive1.jpeg,Athlete,snowmobile,"Surf, Water Ski",Skateboard,Sky Dive
EddieRox20,user19@email.net,password,Hannibal,Lecter,"Doctor, phsychologist, chef, people person, lets hang out!",Ph3.jpeg,Photographer ,Snowboard,Water Ski,BMX,Base Jump
TFranks21,user20@email.net,password,Luke,Skywalker,I use the force to shred the gnar! ,Su3.jpeg,Athlete,Downhill Ski,Surf,Rock Climb,Air Race
GoldHand22,abc21@email.net,password,John,Wick,my dog and I love to Surf together,Ph3.jpeg,Photographer ,Downhill Ski,"Surf, Water Ski","BMX, Skateboard",BAse Jump
HammerMan23,abc22@email.net,password,Sarah,Connor,would travel time for some good waves,Hg1.jpeg,Athlete,Cross-Country Ski,Water Ski,Cliff Dive,"Sky Dive,Hang Glide"
Reaper24,abc23@email.net,password,Roland,Deschain,"I must find the dark tower, but first, let's carve! ",Ph1.jpeg,Photographer ,Cross-Country Ski,Surf,"Skateboard,BMX,Mountain Bike",Hang Glide
BestCaptain25,abc24@email.net,password,Nikki,Sixx,The beach is my home sweet home ,SkyDive2.jpeg,Athlete,Cross-Country Ski,"Surf, Water Ski",Skateboard,"Sky Dive,Hang Glide"
Favabeans26,abc25@email.net,password,Carol,Danvers,"former airforce test pilot, current Sky Diver",SkyDive2.jpeg,Photographer ,Snowboard,Water Ski,BMX,Sky Dive
Xwing27,abc26@email.net,password,Natasha,Romanov,freerunning is my life outside of the avengers,SkPh2.jpeg,Athlete,Downhill Ski,Surf,Mountain Bike,Base Jump
LoveMyDog28,abc27@email.net,password,Susan,Storm,"Im not always invisible, thatts why i need people to film me ",Ph2.jpeg,Photographer ,"Snowboard,Downhill Ski,snowmobile","Surf, Water Ski",,Air Race
Terminator29,abc28@email.net,password,Arya,Stark,"A girl is noone, except for a great snowborder",Sn1.jpeg,Athlete,Snowboard,Water Ski,"Skateboard,BMX,Mountain Bike",
DarkTower30,user10@email.net,password,Daniel,Goodman,"Up for anything, lets carve!",SkyDive2.jpeg,Athlete,,"Surf, Water Ski","BMX, Skateboard","Sky Dive,Hang Glide"
MotleyCrue31,abc11@email.net,password,Jason ,Vorhees,"Not a big Fan of water sports, but lets hit the snow some time!",Ph1.jpeg,Photographer ,,Kayak,Parkour,Sky Dive
CaptMarvel32,abc12@email.net,password,Tony,Stark,"genius, billionaire, playboy philanthropist, what else do you need?",Su3.jpeg,Athlete,,"Surf, Water Ski","Skateboard,BMX,Mountain Bike",Sky Dive
BlackWidow33,abc13@email.net,password,Bruce,Dickenson,I was born to rock and to fly through the sky!,Ph2.jpeg,Photographer ,Snowboard,Water Ski,Skateboard,
InvisibleWoman34,abc14@email.net,password,Thomas,Franklin,"Here for a good time, not a long time, into all kinds of extreme sports!",Su3.jpeg,Athlete,Downhill Ski,Surf,BMX,
NoOne35,abc15@email.net,password,Jamie,Lannister,"I love two things in this world, my family and my extreme sports",Ph3.jpeg,Photographer ,"Snowboard,Downhill Ski,snowmobile","Surf, Water Ski","Mountain Bike, Cliff Dive","Sky Dive,Hang Glide"
Rescue36,abc16@email.net,password,Robert,Baratheon,The only thing I love more than agood hunt is a good carve! lets do it up! ,Hg1.jpeg,Athlete,Snowboard,Water Ski,Parkour,Hang Glide
Dishonored37,abc17@email.net,password,Jaxon,Teller,"When I'm not riding my motorcycle, you can find me on the mountain! ",Ph2.jpeg,Photographer ,Downhill Ski,"Surf, Paddleboard","Skateboard,BMX,Mountain Bike","Sky Dive,Hang Glide"
Dgoodman18,abc18@email.net,password,Jean-luc,Picard,"I'm te best captain, better than kirk, way more extreme",SkyDive1.jpeg,Athlete,snowmobile,"Surf, Water Ski",Skateboard,Sky Dive
HockeyMask19,user19@email.net,password,Hannibal,Lecter,"Doctor, phsychologist, chef, people person, lets hang out!",Ph3.jpeg,Photographer ,Snowboard,Water Ski,BMX,Base Jump
IronMan20,user20@email.net,password,Luke,Skywalker,I use the force to shred the gnar! ,Su3.jpeg,Athlete,Downhill Ski,Surf,Rock Climb,Air Race
EddieRox21,abc21@email.net,password,John,Wick,my dog and I love to Surf together,Ph3.jpeg,Photographer ,Downhill Ski,"Surf, Water Ski","BMX, Skateboard",BAse Jump
TFranks22,abc22@email.net,password,Sarah,Connor,would travel time for some good waves,Hg1.jpeg,Athlete,Cross-Country Ski,Water Ski,Cliff Dive,"Sky Dive,Hang Glide"
GoldHand23,abc23@email.net,password,Roland,Deschain,"I must find the dark tower, but first, let's carve! ",Ph1.jpeg,Photographer ,Cross-Country Ski,Surf,"Skateboard,BMX,Mountain Bike",Hang Glide
HammerMan24,abc24@email.net,password,Nikki,Sixx,The beach is my home sweet home ,SkyDive2.jpeg,Athlete,Cross-Country Ski,"Surf, Water Ski",Skateboard,"Sky Dive,Hang Glide"
Reaper25,abc25@email.net,password,Carol,Danvers,"former airforce test pilot, current Sky Diver",SkyDive2.jpeg,Photographer ,Snowboard,Water Ski,BMX,Sky Dive
BestCaptain26,abc26@email.net,password,Natasha,Romanov,freerunning is my life outside of the avengers,SkPh2.jpeg,Athlete,Downhill Ski,Surf,Mountain Bike,Base Jump
Favabeans27,abc27@email.net,password,Susan,Storm,"Im not always invisible, thatts why i need people to film me ",Ph2.jpeg,Photographer ,"Snowboard,Downhill Ski,snowmobile","Surf, Water Ski",,Air Race
Xwing28,abc28@email.net,password,Arya,Stark,"A girl is noone, except for a great snowborder",Sn1.jpeg,Athlete,Snowboard,Water Ski,"Skateboard,BMX,Mountain Bike",
LoveMyDog29,user29@email.net,password,Pepper,Potts,catch me skydiving with my husband,Ph2.jpeg,Photographer ,Downhill Ski,Surf,Skateboard,"Sky Dive,Hang Glide"
Terminator30,user30@email.net,password,Corvo,Attano,love to run around and jump off of things,Su3.jpeg,Athlete,snowmobile,"Surf, Water Ski",BMX,Hang Glide
DarkTower31,user10@email.net,password,Daniel,Goodman,"Up for anything, lets carve!",SkyDive2.jpeg,Athlete,,"Surf, Water Ski","BMX, Skateboard","Sky Dive,Hang Glide"
MotleyCrue32,abc11@email.net,password,Jason ,Vorhees,"Not a big Fan of water sports, but lets hit the snow some time!",Ph1.jpeg,Photographer ,,Kayak,Parkour,Sky Dive
CaptMarvel33,abc12@email.net,password,Tony,Stark,"genius, billionaire, playboy philanthropist, what else do you need?",Su3.jpeg,Athlete,,"Surf, Water Ski","Skateboard,BMX,Mountain Bike",Sky Dive
BlackWidow34,abc13@email.net,password,Bruce,Dickenson,I was born to rock and to fly through the sky!,Ph2.jpeg,Photographer ,Snowboard,Water Ski,Skateboard,
InvisibleWoman35,abc14@email.net,password,Thomas,Franklin,"Here for a good time, not a long time, into all kinds of extreme sports!",Su3.jpeg,Athlete,Downhill Ski,Surf,BMX,
NoOne36,abc15@email.net,password,Jamie,Lannister,"I love two things in this world, my family and my extreme sports",Ph3.jpeg,Photographer ,"Snowboard,Downhill Ski,snowmobile","Surf, Water Ski","Mountain Bike, Cliff Dive","Sky Dive,Hang Glide"
Rescue37,abc16@email.net,password,Robert,Baratheon,The only thing I love more than agood hunt is a good carve! lets do it up! ,Hg1.jpeg,Athlete,Snowboard,Water Ski,Parkour,Hang Glide
Dishonored38,abc17@email.net,password,Jaxon,Teller,"When I'm not riding my motorcycle, you can find me on the mountain! ",Ph2.jpeg,Photographer ,Downhill Ski,"Surf, Paddleboard","Skateboard,BMX,Mountain Bike","Sky Dive,Hang Glide"
Dgoodman19,abc18@email.net,password,Jean-luc,Picard,"I'm te best captain, better than kirk, way more extreme",SkyDive1.jpeg,Athlete,snowmobile,"Surf, Water Ski",Skateboard,Sky Dive
